"College","Campus","CRN","Course","Title","Meeting Days","Begin Time","End Time","Instructional Method","Part of Term","Credits","","","","","","","","","","","","",""
"College of Business","Downtown","5845","ACCT6001","Financial Info for Managers","T","6:15 PM","8:55 PM","Face-to-Face","2nd 8-Week Session (8B)","3","","","","","","","","","","","","",""
"College of Business","Downtown","7995","BAN6100","Spreadsheets for Bus Analytics","","","","Hybrid","2nd 8-Week Session (8B)","3","*Please note that travel time between Waimanalo and Downtown campus' will take longer than 30 minutes. Back-to-back courses ARE NOT recommended as you will not have enough time between classes","","","","","","","","","","","",""
"College of Business","Downtown","7294","BAN6200","Bus Analytics for Big Data","F","5:30 PM","8:10 PM","Hybrid","1st 8-Week Session (8A)","3","","","","","","","","","","","","",""
"College of Business","Downtown","6871","BAN6500","Methods in Project Management","R","6:00 PM","8:40 PM","Face-to-Face","1st 8-Week Session (8A)","3","","","","","","","","","","","","",""
"College of Business","Downtown","6975","BAN6550","Big Data","R","6:30 PM","9:10 PM","Face-to-Face","2nd 8-Week Session (8B)","3","","","","","","","","","","","","",""
"College of Business","Downtown","7578","ECON6000","Economics for Business","R","5:30 PM","8:10 PM","Face-to-Face","1st 8-Week Session (8A)","3","","","","","","","","","","","","",""
"College of Business","Downtown","7891","FIN6400","Corporate Finance","W","5:30 PM","8:10 PM","Face-to-Face","2nd 8-Week Session (8B)","3","","","","","","","","","","","","",""
"College of Business","Downtown","5179","MGMT6002","Leadership of Self & Others","M","6:15 PM","8:55 PM","Face-to-Face","2nd 8-Week Session (8B)","3","","","","","","","","","","","","",""
"College of Business","Downtown","4232","MKTG6001","Strategic Marketing","M","6:15 PM","8:55 PM","Face-to-Face","1st 8-Week Session (8A)","3","","","","","","","","","","","","",""
"College of Liberal Arts","Downtown","7189","AL5990","Introduction to Linguistics","M, W","3:45 PM","5:00 PM","Face-to-Face","16-Week Full Term (1)","3","","","","","","","","","","","","",""
"College of Liberal Arts","Downtown","5918","AL6000","Teachg Sec Lang: Theo & Practi","T, R","5:30 PM","6:45 PM","Face-to-Face","16-Week Full Term (1)","3","","","","","","","","","","","","",""
"College of Liberal Arts","Downtown","5920","AL6110","Eng Phonology/Teaching of Pron","T, R","2:00 PM","3:15 PM","Face-to-Face","16-Week Full Term (1)","3","","","","","","","","","","","","",""
"College of Liberal Arts","Downtown","7776","AL6140","Discrse Anlys for Lang Teacher","T, R","12:15 PM","1:30 PM","Face-to-Face","16-Week Full Term (1)","3","","","","","","","","","","","","",""
"College of Liberal Arts","Downtown","5922","AL6710","2nd Lang Listening & Speaking","T, R","3:45 PM","5:00 PM","Face-to-Face","16-Week Full Term (1)","3","","","","","","","","","","","","",""
"College of Liberal Arts","Downtown","6180","COM6000","Communication Theory","R","5:30 PM","8:10 PM","Face-to-Face","16-Week Full Term (1)","3","","","","","","","","","","","","",""
"College of Liberal Arts","Downtown","6181","COM6050","Communication Research Methods","W","5:30 PM","8:10 PM","Face-to-Face","16-Week Full Term (1)","3","","","","","","","","","","","","",""
"College of Liberal Arts","Downtown","7771","COM6460","Digital Graphic Design","T","5:30 PM","8:10 PM","Face-to-Face","16-Week Full Term (1)","3","","","","","","","","","","","","",""
"College of Liberal Arts","Downtown","7772","COM6680","Global Documentary","R","5:30 PM","8:10 PM","Face-to-Face","16-Week Full Term (1)","3","","","","","","","","","","","","",""
"College of Liberal Arts","Downtown","7840","HIST6628","Seminar: The Second World War","M","6:00 PM","8:40 PM","Face-to-Face","16-Week Full Term (1)","3","","","","","","","","","","","","",""
"College of Liberal Arts","Downtown","7839","HIST6650","Oil: Hist, Secur & Sustainblty","R","6:00 PM","8:40 PM","Face-to-Face","16-Week Full Term (1)","3","","","","","","","","","","","","",""
"College of Liberal Arts","Downtown","7851","PSCI6400","Sem:Chinese Foreign & Sec Pol","T","6:00 PM","8:40 PM","Hybrid","16-Week Full Term (1)","3","","","","","","","","","","","","",""
"College of Liberal Arts","Downtown","5731","PSCI6601","Sem:Diplomacy & Intl Relations","W","6:00 PM","8:40 PM","Face-to-Face","16-Week Full Term (1)","3","","","","","","","","","","","","",""
"College of Liberal Arts","Downtown","7394","SUST6000","Sustainable Human Systems","W","5:30 PM","8:10 PM","Face-to-Face","16-Week Full Term (1)","3","","","","","","","","","","","","",""
"College of Liberal Arts","Downtown","7396","SUST6001","Sem in EnvironmentalGovernance","M","5:30 PM","8:10 PM","Face-to-Face","16-Week Full Term (1)","3","","","","","","","","","","","","",""
"College of Liberal Arts","Downtown","7398","SUST6005","Research Methods","T","5:30 PM","8:10 PM","Face-to-Face","16-Week Full Term (1)","3","","","","","","","","","","","","",""
"College of Liberal Arts","Downtown","4299","SUST6500","Ecological Econ. & Sust. Dev.","W","5:30 PM","8:10 PM","Face-to-Face","16-Week Full Term (1)","3","","","","","","","","","","","","",""
"College of Liberal Arts","Downtown","5155","SUST6600","Colloquium","F","3:00 PM","5:00 PM","Face-to-Face","16-Week Full Term (1)","0","","","","","","","","","","","","",""
"College of Natural & Computational Sciences","Downtown","7531","ENVS6010","Global Climate Change","T","5:30 PM","8:10 PM","Face-to-Face","16-Week Full Term (1)","3","","","","","","","","","","","","",""
"College of Natural & Computational Sciences","Waimanalo/Makapu'u","7762","MARS6040","Seabird Ecology & Conservation","F","1:05 PM","3:45 PM","Face-to-Face","16-Week Full Term (1)","3","","","","","","","","","","","","",""
"College of Natural & Computational Sciences","Waimanalo/Makapu'u","7438","MARS6050","Marine Ecology","M, W","1:05 PM","2:20 PM","Face-to-Face","16-Week Full Term (1)","3","","","","","","","","","","","","",""
"College of Natural & Computational Sciences","Waimanalo/Makapu'u","6984","MARS6080","Physical Oceanography","T, R","1:05 PM","2:20 PM","Face-to-Face","16-Week Full Term (1)","3","","","","","","","","","","","","",""
"College of Natural & Computational Sciences","Waimanalo/Makapu'u","7765","MARS6210","Marine Fisheries & Management","M, W","2:50 PM","4:05 PM","Face-to-Face","16-Week Full Term (1)","3","","","","","","","","","","","","",""
"College of Natural & Computational Sciences","Waimanalo/Makapu'u","7616","MARS6250","Marine Resource Management","M, W","2:50 PM","4:05 PM","Face-to-Face","16-Week Full Term (1)","3","","","","","","","","","","","","",""
"College of Natural & Computational Sciences","Waimanalo/Makapu'u","5694","MARS6930","MS Guest Speaker Series","W","11:20 AM","12:35 PM","Face-to-Face","16-Week Full Term (1)","1","","","","","","","","","","","","",""
"College of Professional Studies","Downtown","6386","CJ6750","Admin & Const Proc for Prof","W","6:15 PM","9:45 PM","Face-to-Face","1st 8-Week Session (8A)","3","","","","","","","","","","","","",""
"College of Professional Studies","Downtown","7508","CJ6760","Hostage/Crisis Negotiations","W","5:30 PM","9:00 PM","Face-to-Face","2nd 8-Week Session (8B)","3","","","","","","","","","","","","",""
"College of Professional Studies","Downtown","4403","ED6700","The Exceptional Learner","M","5:30 PM","8:10 PM","Face-to-Face","16-Week Full Term (1)","3","","","","","","","","","","","","",""
"College of Professional Studies","Downtown","4920","PADM6000","Intro to Pub Admin & Pub Servi","M","6:15 PM","9:45 PM","Face-to-Face","1st 8-Week Session (8A)","3","","","","","","","","","","","","",""
"College of Professional Studies","Downtown","3310","PADM6100","Public Personnel Mgmt","R","6:15 PM","9:45 PM","Face-to-Face","2nd 8-Week Session (8B)","3","","","","","","","","","","","","",""