"College","CRN","Course","Title","Meeting Days","Begin Time","End Time","Campus","Credits","Pre-req?","","","","","","","","","",""
"College of Business","5836","ACCT2000","Principles of Accounting I","T, R","10:30 AM","11:45 AM","Downtown","3","M & W","","","","","","","","","",""
"College of Business","5840","ACCT2010","Principles of Accounting II","R","6:15 PM","8:55 PM","Downtown","3","","*Some courses require to be registered for the lab component concurrently.","","","","","","","","",""
"","","","","","","","","","","*Please note that travel time between Waimanalo and Downtown campus' will take longer than 30 minutes. Back-to-back courses ARE NOT recommended as you will not have enough time between classes","","","","","","","","",""
"College of Liberal Arts","5911","AL2000","Introduction to Linguistics","M, W","3:45 PM","5:00 PM","Downtown","3","","","","","","","","","","",""
"College of Liberal Arts","5913","AL3110","The English Sound System","T, R","2:00 PM","3:15 PM","Downtown","3","","","","","","","","","","",""
"College of Liberal Arts","7773","AL3140","Intro to Discourse Analysis","T, R","12:15 PM","1:30 PM","Downtown","3","","","","","","","","","","",""
"College of Liberal Arts","5914","AL3500","Second Lang Learning/Teaching","T, R","10:30 AM","11:45 AM","Downtown","3","","","","","","","","","","",""
"College of Liberal Arts","5916","AL3950","Language Classroom Experience","F","3:00 PM","5:40 PM","Downtown","1","","","","","","","","","","",""
"College of Liberal Arts","7778","AMST2000","Multicultural America","T, R","8:45 AM","10:00 AM","Downtown","3","W","","","","","","","","","",""
"College of Liberal Arts","5718","ANTH2000","Cultural Anthropology","R","5:30 PM","8:10 PM","Downtown","3","","","","","","","","","","",""
"College of Natural & Computational Sciences","7944","AQUA1200","Global Aquaculture","M, W","5:30 PM","6:45 PM","Downtown","3","","","","","","","","","","",""
"College of Liberal Arts","7763","ARTH3321","Art of Japan","M","5:30 PM","8:10 PM","Downtown","3","","","","","","","","","","",""
"College of Liberal Arts","6159","ARTS1003","Sustainable Art & Design","M, W","8:45 AM","10:00 AM","Downtown","3","","","","","","","","","","",""
"College of Liberal Arts","6160","ARTS1003","Sustainable Art & Design","M, W","10:30 AM","11:45 AM","Downtown","3","","","","","","","","","","",""
"College of Liberal Arts","7421","ARTS2010","Beginning Drawing","M, W","2:00 PM","3:15 PM","Downtown","3","","","","","","","","","","",""
"College of Liberal Arts","6955","ARTS3000","Arts Entrepreneurship","M, W","3:45 PM","5:00 PM","Downtown","3","","","","","","","","","","",""
"College of Liberal Arts","6164","ARTS3020","Introduction to Painting","F","11:00 AM","1:40 PM","Downtown","3","","","","","","","","","","",""
"College of Natural & Computational Sciences","6150","BIOL1500","Conservation Biology","M, W","8:45 AM","10:00 AM","Downtown","3","","","","","","","","","","",""
"College of Natural & Computational Sciences","6268","BIOL2030","Anatomy and Physiology I","M, W","2:00 PM","3:15 PM","Downtown","3","","","","","","","","","","",""
"College of Natural & Computational Sciences","7624","BIOL2030","Anatomy and Physiology I","M, W","2:00 PM","3:15 PM","Downtown","3","","","","","","","","","","",""
"College of Natural & Computational Sciences","6963","BIOL2031","Anatomy and Physiology I Lab","W","6:00 PM","8:40 PM","Downtown","1","","","","","","","","","","",""
"College of Natural & Computational Sciences","6272","BIOL2032","Anatomy and Physiology II","T, R","12:15 PM","1:30 PM","Downtown","3","","","","","","","","","","",""
"College of Natural & Computational Sciences","6274","BIOL2033","Anatomy and Physiology II Lab","F","11:00 AM","1:40 PM","Downtown","1","","","","","","","","","","",""
"College of Natural & Computational Sciences","6284","BIOL2050","General Biology I","M, W","8:45 AM","10:00 AM","Downtown","4","M","","","","","","","","","",""
"","","","","F","7:30 AM","8:20 AM","","","","","","","","","","","","",""
"College of Natural & Computational Sciences","6285","BIOL2050","General Biology I","M, W","8:45 AM","10:00 AM","Downtown","4","M","","","","","","","","","",""
"","","","","F","7:30 AM","8:20 AM","","","","","","","","","","","","",""
"College of Natural & Computational Sciences","6286","BIOL2051","General Biology I Lab","M","12:00 PM","2:40 PM","Downtown","1","","","","","","","","","","",""
"College of Natural & Computational Sciences","6287","BIOL2051","General Biology I Lab","M","3:00 PM","5:40 PM","Downtown","1","","","","","","","","","","",""
"College of Natural & Computational Sciences","6289","BIOL2051","General Biology I Lab","T","7:30 AM","10:10 AM","Downtown","1","","","","","","","","","","",""
"College of Natural & Computational Sciences","6290","BIOL2051","General Biology I Lab","T","12:00 PM","2:40 PM","Downtown","1","","","","","","","","","","",""
"College of Natural & Computational Sciences","6291","BIOL2051","General Biology I Lab","T","3:00 PM","5:40 PM","Downtown","1","","","","","","","","","","",""
"College of Natural & Computational Sciences","6297","BIOL2170","Ethnobotany: People and Plants","T, R","2:00 PM","3:15 PM","Downtown","3","W","","","","","","","","","",""
"College of Natural & Computational Sciences","7137","BIOL3010","Hawaiian Natural History","M, W","10:30 AM","11:45 AM","Downtown","3","","","","","","","","","","",""
"College of Natural & Computational Sciences","6298","BIOL3020","Plant Biology","T, R","12:15 PM","1:30 PM","Downtown","3","","","","","","","","","","",""
"College of Natural & Computational Sciences","6299","BIOL3034","Human Physiology","T, R","12:15 PM","1:30 PM","Downtown","3","","","","","","","","","","",""
"College of Natural & Computational Sciences","6300","BIOL3035","Human Physiology Laboratory","F","7:30 AM","10:10 AM","Downtown","1","","","","","","","","","","",""
"College of Natural & Computational Sciences","6302","BIOL3040","General Microbiology","M, W","12:15 PM","1:30 PM","Downtown","3","","","","","","","","","","",""
"College of Natural & Computational Sciences","6895","BIOL3041","General Microbiology Lab","W","7:30 AM","10:10 AM","Downtown","1","","","","","","","","","","",""
"College of Natural & Computational Sciences","6304","BIOL3050","Genetics","M, W","2:00 PM","3:15 PM","Downtown","3","","","","","","","","","","",""
"College of Natural & Computational Sciences","6977","BIOL3070","Marine Vertebrate Zoology","T, R","8:45 AM","10:00 AM","Downtown","3","","","","","","","","","","",""
"College of Natural & Computational Sciences","6308","BIOL3071","Marine Vertebrate Zoology Lab","W","11:00 AM","1:40 PM","Downtown","1","","","","","","","","","","",""
"College of Natural & Computational Sciences","6976","BIOL3090","Biometry","T, R","3:45 PM","5:00 PM","Downtown","3","","","","","","","","","","",""
"College of Natural & Computational Sciences","6316","BIOL3170","Cell and Molecular Biology","T, R","10:30 AM","11:45 AM","Downtown","3","","","","","","","","","","",""
"College of Natural & Computational Sciences","6317","BIOL3171","Cell and Molecular Biology Lab","F","8:30 AM","11:10 AM","Downtown","1","","","","","","","","","","",""
"College of Natural & Computational Sciences","7852","BIOL4210","Neuroscience","T, R","8:45 AM","10:00 AM","Downtown","3","","","","","","","","","","",""
"College of Business","5848","BUS1000","Introduction to Business","M, W","8:45 AM","10:00 AM","Downtown","3","","","","","","","","","","",""
"College of Business","5849","BUS1000","Introduction to Business","T, R","10:30 AM","11:45 AM","Downtown","3","","","","","","","","","","",""
"College of Business","5853","BUS2500","Mathematics for Business","T, R","12:15 PM","1:30 PM","Downtown","3","","","","","","","","","","",""
"College of Business","7787","BUS3995","Business Practices","F","10:00 AM","12:30 PM","Downtown","3","","","","","","","","","","",""
"College of Natural & Computational Sciences","6321","CHEM2050","General Chemistry I","M, W","12:15 PM","1:30 PM","Downtown","3","M","","","","","","","","","",""
"College of Natural & Computational Sciences","6325","CHEM2051","General Chemistry I Lab","F","7:30 AM","10:10 AM","Downtown","1","","","","","","","","","","",""
"College of Natural & Computational Sciences","6330","CHEM3010","Fundamental Organic Chemistry","T, R","2:00 PM","3:15 PM","Downtown","3","","","","","","","","","","",""
"College of Natural & Computational Sciences","6896","CHEM3020","Physical Chemistry I","T, R","12:15 PM","1:30 PM","Downtown","3","","","","","","","","","","",""
"College of Natural & Computational Sciences","6329","CHEM3030","Organic Chemistry I","T, R","3:45 PM","5:00 PM","Downtown","3","","","","","","","","","","",""
"College of Natural & Computational Sciences","6331","CHEM3031","Organic Chemistry I Lab","M","8:30 AM","12:00 PM","Downtown","1","","","","","","","","","","",""
"College of Natural & Computational Sciences","6332","CHEM3031","Organic Chemistry I Lab","M","12:30 PM","4:00 PM","Downtown","1","","","","","","","","","","",""
"College of Natural & Computational Sciences","6338","CHEM4030","Biochemistry I","T, R","10:30 AM","11:45 AM","Downtown","3","","","","","","","","","","",""
"College of Natural & Computational Sciences","6339","CHEM4031","Biochemistry I Lab","F","12:00 PM","4:00 PM","Downtown","1","","","","","","","","","","",""
"College of Liberal Arts","6165","CHIN1100","Beginning Mandarin I","T, R","2:00 PM","3:15 PM","Downtown","3","","","","","","","","","","",""
"College of Liberal Arts","6166","CHIN2100","Intermediate Mandarin I","T, R","3:45 PM","5:00 PM","Downtown","3","","","","","","","","","","",""
"College of Professional Studies","6349","CJ1000","Violence in American Society","T, R","10:30 AM","11:45 AM","Downtown","3","","","","","","","","","","",""
"College of Professional Studies","6350","CJ1050","Intro to Criminal Justice","M, W","10:30 AM","11:45 AM","Downtown","3","","","","","","","","","","",""
"College of Professional Studies","6351","CJ1500","Intro to Cybersecurity","M, W","8:45 AM","10:00 AM","Downtown","3","","","","","","","","","","",""
"College of Professional Studies","6352","CJ2050","Basic Criminology","M, W","12:15 PM","1:30 PM","Downtown","3","W","","","","","","","","","",""
"College of Professional Studies","6353","CJ3000","Ethics & Justice","M, W","2:00 PM","3:15 PM","Downtown","3","W","","","","","","","","","",""
"College of Professional Studies","6355","CJ3500","Criminal Law","T, R","2:00 PM","3:15 PM","Downtown","3","","","","","","","","","","",""
"College of Professional Studies","6356","CJ3550","Crime Scene Investigation:","T, R","3:45 PM","5:00 PM","Downtown","3","","","","","","","","","","",""
"College of Liberal Arts","6170","COM2000","Public Speaking","M, W","8:45 AM","10:00 AM","Downtown","3","","","","","","","","","","",""
"College of Liberal Arts","6171","COM2000","Public Speaking","T, R","12:15 PM","1:30 PM","Downtown","3","","","","","","","","","","",""
"College of Liberal Arts","6173","COM2640","Argumentation and Debate","M, W","12:15 PM","1:30 PM","Downtown","3","W","","","","","","","","","",""
"College of Liberal Arts","6174","COM3300","Intercultural Communication","T, R","12:15 PM","1:30 PM","Downtown","3","","","","","","","","","","",""
"College of Liberal Arts","6176","COM3420","Business Communication","T, R","3:45 PM","5:00 PM","Downtown","3","","","","","","","","","","",""
"College of Liberal Arts","6177","COM3500","Technical Communication","F","3:45 PM","5:00 PM","Downtown","3","","","","","","","","","","",""
"College of Natural & Computational Sciences","4030","CSCI1041","Digit Literacy Global Society","T, R","12:15 PM","1:30 PM","Downtown","3","","","","","","","","","","",""
"College of Natural & Computational Sciences","7411","CSCI1061","Mobile Tech for 21st Cent","M, W","12:15 PM","1:30 PM","Downtown","3","","","","","","","","","","",""
"College of Natural & Computational Sciences","4336","CSCI1611","Gentle Intro to Programming","M, W","8:45 AM","10:00 AM","Downtown","3","M","","","","","","","","","",""
"College of Natural & Computational Sciences","7833","CSCI1611","Gentle Intro to Programming","M, W","10:30 AM","11:45 AM","Downtown","3","M","","","","","","","","","",""
"College of Natural & Computational Sciences","6953","CSCI1911","Foundations of Programming","M, W","2:00 PM","3:15 PM","Downtown","3","M","","","","","","","","","",""
"College of Natural & Computational Sciences","2886","CSCI2301","Discrete Math for Comp. Sci.","T, R","8:45 AM","10:00 AM","Downtown","3","","","","","","","","","","",""
"College of Natural & Computational Sciences","1394","CSCI2912","Computer Science II","M, W","8:45 AM","10:00 AM","Downtown","3","","","","","","","","","","",""
"College of Natural & Computational Sciences","7924","CSCI3050","Current Topics in AI","M, W","2:00 PM","3:15 PM","Downtown","3","","","","","","","","","","",""
"College of Natural & Computational Sciences","5476","CSCI3101","Algorithms","T, R","10:30 AM","11:45 AM","Downtown","3","","","","","","","","","","",""
"College of Natural & Computational Sciences","7943","CSCI3131","Audio Processing with Python","R","3:45 PM","6:20 PM","Downtown","3","","","","","","","","","","",""
"College of Natural & Computational Sciences","1493","CSCI3106","Programming Challenges","T","3:45 PM","6:20 PM","Downtown","3","","","","","","","","","","",""
"College of Natural & Computational Sciences","4925","CSCI3301","Database Technologies","T, R","10:30 AM","11:45 AM","Downtown","3","","","","","","","","","","",""
"College of Natural & Computational Sciences","1494","CSCI3601","Operating Systems","M, W","10:30 AM","11:45 AM","Downtown","3","","","","","","","","","","",""
"College of Natural & Computational Sciences","2889","CSCI3911","Software Engineering","T, R","12:15 PM","1:30 PM","Downtown","3","","","","","","","","","","",""
"College of Business","5474","ECON2010","Principles of Microeconomics","M, W","3:45 PM","5:00 PM","Downtown","3","","","","","","","","","","",""
"College of Business","1242","ECON2010","Principles of Microeconomics","T, R","8:45 AM","10:00 AM","Downtown","3","","","","","","","","","","",""
"College of Business","1422","ECON2015","Principles of Macroeconomics","T, R","3:45 PM","5:00 PM","Downtown","3","","","","","","","","","","",""
"College of Business","1048","ECON3020","Managerial Economics","M, W","10:30 AM","11:45 AM","Downtown","3","M","","","","","","","","","",""
"College of Business","5479","ECON3100","Introduction to Econometrics","M, W","8:45 AM","10:00 AM","Downtown","3","M & W","","","","","","","","","",""
"College of Business","6447","ECON3430","Environmental Economics","T, R","10:30 AM","11:45 AM","Downtown","3","M","","","","","","","","","",""
"College of Professional Studies","2137","ED3000","Foundations of American Ed","M","5:30 PM","8:10 PM","Downtown","3","W","","","","","","","","","",""
"College of Professional Studies","2362","ED3200","Education Research and Writing","W","5:30 PM","8:10 PM","Downtown","3","W","","","","","","","","","",""
"College of Professional Studies","2133","ED3300","Introduction to Teaching","W","5:30 PM","8:10 PM","Downtown","3","","","","","","","","","","",""
"College of Professional Studies","1808","ED3440","Mathematics for Elem Ed","R","5:30 PM","8:10 PM","Downtown","3","","","","","","","","","","",""
"College of Professional Studies","1809","ED3450","Science for Elem Ed","T","5:30 PM","8:10 PM","Downtown","3","","","","","","","","","","",""
"College of Liberal Arts","7789","ENG3223","Voices in Japanese Literature","M, W","2:00 PM","3:15 PM","Downtown","3","","","","","","","","","","",""
"College of Natural & Computational Sciences","7674","ENGB3001","Thermodynamics of Living Sys","M, W","12:15 PM","1:30 PM","Downtown","3","","","","","","","","","","",""
"College of Natural & Computational Sciences","3570","ENGE2000","Linear Circuits and Systems","T, R","8:45 AM","10:00 AM","Downtown","3","Lecture and lab must be taken together","","","","","","","","","",""
"College of Natural & Computational Sciences","3571","ENGE2001","Linear Circuits & Systems Lab","M","1:45 PM","4:25 PM","Downtown","1","","","","","","","","","","",""
"College of Natural & Computational Sciences","4373","ENGE3000","Signals and Systems","M, W","10:30 AM","11:45 AM","Downtown","3","Lecture and lab must be taken together","","","","","","","","","",""
"College of Natural & Computational Sciences","4374","ENGE3001","Signals and Systems Lab","R","2:00 PM","4:40 PM","Downtown","1","","","","","","","","","","",""
"College of Natural & Computational Sciences","6900","ENGR1000","Intro to Eng Systems & Prof Pr","T, R","12:15 PM","1:30 PM","Downtown","3","","","","","","","","","","",""
"College of Natural & Computational Sciences","6901","ENGR1000","Intro to Eng Systems & Prof Pr","T, R","12:15 PM","1:30 PM","Downtown","3","","","","","","","","","","",""
"College of Natural & Computational Sciences","6899","ENGT2100","Fundamentals of Biomaterials","F","12:00 PM","2:40 PM","Downtown","3","","","","","","","","","","",""
"College of Natural & Computational Sciences","7794","ENGT3002","Analytical Biotech","T","12:00 PM","2:40 PM","Downtown","3","","","","","","","","","","",""
"College of Natural & Computational Sciences","7463","ENVS1500","Natural Disasters","T, R","12:15 PM","1:30 PM","Downtown","3","","","","","","","","","","",""
"College of Natural & Computational Sciences","1180","ENVS3002","Apps of Environmental Science","M, W","5:30 PM","6:45 PM","Downtown","3","","","","","","","","","","",""
"College of Natural & Computational Sciences","2895","ENVS3003","App. of Environ. Science Lab","F","7:30 AM","3:30 PM","Downtown","1","","","","","","","","","","",""
"College of Natural & Computational Sciences","7433","ENVS3040","Intro to Environ'l Engineering","M, W","2:00 PM","3:15 PM","Downtown","3","","","","","","","","","","",""
"College of Natural & Computational Sciences","2946","ENVS4030","Applied Geographic Info System","T, R","8:45 AM","10:00 AM","Downtown","3","","","","","","","","","","",""
"College of Natural & Computational Sciences","1195","ENVS4100","Society & Env: Contemp Issues","W","10:30 AM","1:30 PM","Downtown","3","","","","","","","","","","",""
"College of Natural & Computational Sciences","2098","ENVS4400","Environmental Science Seminar","W","10:30 AM","1:30 PM","Downtown","3","","","","","","","","","","",""
"College of Business","7202","FIN2100","Financial Literacy","F","6:15 PM","8:55 PM","Downtown","3","M","","","","","","","","","",""
"College of Business","1437","FIN3000","Business Finance","T, R","8:45 AM","10:00 AM","Downtown","3","M","","","","","","","","","",""
"College of Business","5827","FIN3200","Personal Finance","T, R","10:30 AM","11:45 AM","Downtown","3","M & W","","","","","","","","","",""
"College of Business","5828","FIN3300","Investments","F","3:00 PM","5:40 PM","Downtown","3","","","","","","","","","","",""
"College of Liberal Arts","2912","FR1100","Beginning French I","M, W","10:30 AM","11:45 AM","Downtown","3","","","","","","","","","","",""
"College of Liberal Arts","1481","GEOG1500","World Regional Geography","T, R","2:00 PM","3:15 PM","Downtown","3","","","","","","","","","","",""
"College of Liberal Arts","1022","HAWN1200","Beginning Hawaiian II","T, R","8:45 AM","10:00 AM","Downtown","4","","","","","","","","","","",""
"College of Liberal Arts","2528","HIST1001","Trad & En: World Cult. to 1500","M, W","8:45 AM","10:00 AM","Downtown","3","","","","","","","","","","",""
"College of Liberal Arts","7838","HIST3650","Hist. of Oil in the Mod. World","R","6:00 PM","8:40 PM","Downtown","3","","","","","","","","","","",""
"College of Liberal Arts","6962","HIST4961","Seminar: Military History","M","6:00 PM","8:40 PM","Downtown","3","","","","","","","","","","",""
"College of Business","2123","HTM3110","Hotel and Resort Management","T, R","12:15 PM","1:30 PM","Downtown","3","","","","","","","","","","",""
"College of Business","7892","HTM3610","Travel Industry Marketing","T, R","2:00 PM","3:15 PM","Downtown","3","","","","","","","","","","",""
"College of Liberal Arts","4969","HUM3900","Research & Writing/Humanities","M, W","10:30 AM","11:45 AM","Downtown","3","W","","","","","","","","","",""
"College of Liberal Arts","5169","INTR1000","The International System","T, R","12:15 PM","1:30 PM","Downtown","3","","","","","","","","","","",""
"College of Liberal Arts","4961","INTR3350","International Human Rights","M","6:00 PM","8:40 PM","Downtown","3","W","","","","","","","","","",""
"College of Liberal Arts","1025","JPE1100","Beginning Japanese I","M, W","8:45 AM","10:00 AM","Downtown","3","","","","","","","","","","",""
"College of Liberal Arts","2382","JPE1100","Beginning Japanese I","T, R","2:00 PM","3:15 PM","Downtown","3","","","","","","","","","","",""
"College of Liberal Arts","1026","JPE2100","Intermediate Japanese I","M, W","10:30 AM","11:45 AM","Downtown","3","","","","","","","","","","",""
"College of Liberal Arts","7087","JPE3100","Advanced Japanese I","F","11:30 AM","2:20 PM","Downtown","3","","","","","","","","","","",""
"College of Liberal Arts","6186","KOR1100","Beginning Korean I","M, W","3:45 PM","5:00 PM","Downtown","3","","","","","","","","","","",""
"College of Liberal Arts","7767","KOR2100","Intermediate Korean I","M, W","5:30 PM","6:45 PM","Downtown","3","","","","","","","","","","",""
"College of Natural & Computational Sciences","1677","MARS1020","Oceanographic Field Techniques","F","10:00 AM","11:40 AM","Downtown","3","","","","","","","","","","",""
"","","","","W","1:00 PM","5:00 PM","","","","","","","","","","","","",""
"College of Natural & Computational Sciences","1028","MARS1020","Oceanographic Field Techniques","F","10:00 AM","11:40 AM","Downtown","3","","","","","","","","","","",""
"","","","","F","1:00 PM","5:00 PM","","","","","","","","","","","","",""
"College of Natural & Computational Sciences","3330","MARS1500","Marine Biology & Global Oceans","M, W","12:15 PM","1:30 PM","Downtown","3","","","","","","","","","","",""
"College of Natural & Computational Sciences","3332","MARS1500","Marine Biology & Global Oceans","M, W","10:30 AM","11:45 AM","Downtown","3","","","","","","","","","","",""
"College of Natural & Computational Sciences","1755","MARS3000","General Oceanography","M, W","8:45 AM","10:00 AM","Downtown","3","","","","","","","","","","",""
"College of Natural & Computational Sciences","4220","MARS3001","General Oceanography Lab","T","1:00 PM","5:40 PM","Downtown","1","","","","","","","","","","",""
"College of Natural & Computational Sciences","4947","MARS3930","Marine Science Seminar","W","11:20 AM","12:35 PM","Waimanalo/Makapu'u","1","","","","","","","","","","",""
"College of Natural & Computational Sciences","7761","MARS4040","Seabird Ecology & Conservation","F","1:05 PM","3:45 PM","Waimanalo/Makapu'u","3","","","","","","","","","","",""
"College of Natural & Computational Sciences","2950","MARS4050","Marine Ecology","M, W","9:35 AM","10:50 AM","Waimanalo/Makapu'u","3","","","","","","","","","","",""
"College of Natural & Computational Sciences","6981","MARS4080","Physical Oceanography","T, R","1:05 PM","2:20 PM","Waimanalo/Makapu'u","3","","","","","","","","","","",""
"College of Natural & Computational Sciences","5393","MARS4100","MRM: Culture & Sustainability","M, W","2:50 PM","4:05 PM","Waimanalo/Makapu'u","3","W","","","","","","","","","",""
"College of Natural & Computational Sciences","7764","MARS4210","Marine Fisheries & Management","M, W","2:50 PM","4:05 PM","Waimanalo/Makapu'u","3","","","","","","","","","","",""
"College of Natural & Computational Sciences","1034","MATH1105","Intermediate Algebra","M, W","12:15 PM","1:30 PM","Downtown","3","","","","","","","","","","",""
"College of Natural & Computational Sciences","7621","MATH1105","Intermediate Algebra","M, W","2:00 PM","3:15 PM","Downtown","3","","","","","","","","","","",""
"College of Natural & Computational Sciences","1285","MATH1105","Intermediate Algebra","T, R","10:30 AM","11:45 AM","Downtown","3","","","","","","","","","","",""
"College of Natural & Computational Sciences","1178","MATH1105","Intermediate Algebra","T, R","12:15 PM","1:30 PM","Downtown","3","","","","","","","","","","",""
"College of Natural & Computational Sciences","4097","MATH1105","Intermediate Algebra","T, R","8:45 AM","10:00 AM","Downtown","3","","","","","","","","","","",""
"College of Natural & Computational Sciences","1212","MATH1123","Statistics","M, W","3:45 PM","5:00 PM","Downtown","3","","","","","","","","","","",""
"College of Natural & Computational Sciences","3260","MATH1123","Statistics","T, R","2:00 PM","3:15 PM","Downtown","3","","","","","","","","","","",""
"College of Natural & Computational Sciences","5143","MATH1123","Statistics","T, R","8:45 AM","10:00 AM","Downtown","3","","","","","","","","","","",""
"College of Natural & Computational Sciences","1168","MATH1130","Pre-Calculus I","M, W","2:00 PM","3:15 PM","Downtown","3","M","","","","","","","","","",""
"College of Natural & Computational Sciences","4872","MATH1130","Pre-Calculus I","T, R","10:30 AM","11:45 AM","Downtown","3","M","","","","","","","","","",""
"College of Natural & Computational Sciences","2399","MATH1140","Pre-Calculus II","T, R","2:00 PM","3:15 PM","Downtown","3","M","","","","","","","","","",""
"College of Natural & Computational Sciences","1657","MATH1150","Pre-Calculus I & II Accel","T, R","8:45 AM","10:00 AM","Downtown","3","M","","","","","","","","","",""
"College of Natural & Computational Sciences","1270","MATH2214","Calculus I","M, W","8:45 AM","10:00 AM","Downtown","3","M","","","","","","","","","",""
"College of Natural & Computational Sciences","2390","MATH2214","Calculus I","M, W","10:30 AM","11:45 AM","Downtown","3","M","","","","","","","","","",""
"College of Natural & Computational Sciences","1170","MATH2215","Calculus II","M, W","10:30 AM","11:45 AM","Downtown","3","M","","","","","","","","","",""
"College of Natural & Computational Sciences","2124","MATH2216","Calculus III","M, W","10:30 AM","11:45 AM","Downtown","3","M","","","","","","","","","",""
"College of Natural & Computational Sciences","6655","MATH3000","Proof Writing in Mathematics","M, W","12:15 PM","1:30 PM","Downtown","3","M","","","","","","","","","",""
"College of Natural & Computational Sciences","1885","MATH3305","Linear Algebra","T, R","10:30 AM","11:45 AM","Downtown","3","M","","","","","","","","","",""
"College of Natural & Computational Sciences","7570","MATH3470","Applied Statistics","M, W","3:45 PM","5:00 PM","Downtown","3","M","","","","","","","","","",""
"College of Natural & Computational Sciences","5358","MATH4470","Partial Differential Equations","T, R","2:00 PM","3:15 PM","Downtown","3","M","","","","","","","","","",""
"College of Liberal Arts","2519","MC1000","Mass Media Today","M, W","8:45 AM","10:00 AM","Downtown","3","","","","","","","","","","",""
"College of Liberal Arts","4367","MC2100","Mass Communication Research","W","10:30 AM","11:45 AM","Downtown","3","","","","","","","","","","",""
"College of Liberal Arts","7768","MC3120","Writing for Digital Media","T","5:30 PM","6:45 PM","Downtown","3","","","","","","","","","","",""
"College of Liberal Arts","2520","MC3730","New Media Strategies & Sales","T, R","8:45 AM","10:00 AM","Downtown","3","","","","","","","","","","",""
"College of Liberal Arts","5435","MC3900","News Writing for Kalamalama","","","","Downtown","1","W","","","","","","","","","",""
"College of Business","1675","MGMT2000","Principles of Management","T, R","8:45 AM","10:00 AM","Downtown","3","","","","","","","","","","",""
"College of Business","6457","MGMT3001","Mngng Dvrsity in the Workplace","T","5:30 PM","8:10 PM","Downtown","3","W","","","","","","","","","",""
"College of Business","7545","MGMT3020","Project Management","T, R","3:45 PM","5:00 PM","Downtown","3","","","","","","","","","","",""
"College of Business","5832","MGMT3061","Business Law and Ethics","T, R","3:45 PM","5:00 PM","Downtown","3","","","","","","","","","","",""
"College of Business","1061","MGMT3300","Intl Business Management","M, W","12:15 PM","1:30 PM","Downtown","3","","","","","","","","","","",""
"College of Business","1063","MGMT3400","Human Resource Management","T, R","12:15 PM","1:30 PM","Downtown","3","","","","","","","","","","",""
"College of Business","3007","MGMT4001","Business Strategy and Policy","T, R","2:00 PM","3:15 PM","Downtown","3","","","","","","","","","","",""
"College of Business","2151","MIS2000","Information Tools for Business","T, R","2:00 PM","3:15 PM","Downtown","3","","","","","","","","","","",""
"College of Business","2152","MIS3000","Foundations of Info Systems","M","5:30 PM","8:10 PM","Downtown","3","","","","","","","","","","",""
"College of Business","1065","MKTG3000","Principles of Marketing","M, W","3:45 PM","5:00 PM","Downtown","3","W","","","","","","","","","",""
"College of Business","3519","MKTG3100","Consumer Behavior","M, W","8:45 AM","10:00 AM","Downtown","3","M","","","","","","","","","",""
"College of Business","5190","MKTG3630","Retail Management","W","6:15 PM","8:55 PM","Downtown","3","","","","","","","","","","",""
"College of Liberal Arts","2901","MULT1100","Foundations of Multimedia Prod","M, W","5:30 PM","6:45 PM","Downtown","3","","","","","","","","","","",""
"College of Liberal Arts","2911","MULT2000","Global Cinema Studies","M","6:00 PM","8:40 PM","Downtown","3","W","","","","","","","","","",""
"College of Liberal Arts","4906","MULT2465","Motion Picture Production","T, R","10:30 AM","11:45 AM","Downtown","3","W","","","","","","","","","",""
"College of Liberal Arts","1681","MULT3510","Non-linear Audio-Visual Edit","T, R","2:00 PM","3:15 PM","Downtown","3","","","","","","","","","","",""
"College of Liberal Arts","2125","MULT3600","Creative Narrative Production","T","5:30 PM","8:10 PM","Downtown","3","","","","","","","","","","",""
"College of Liberal Arts","6187","MULT3700","Audio Production","M, W","8:45 AM","10:00 AM","Downtown","3","W","","","","","","","","","",""
"College of Liberal Arts","2126","MULT3750","Motion Graphics & Compositing","T, R","3:45 PM","5:00 PM","Downtown","3","","","","","","","","","","",""
"College of Liberal Arts","5436","MULT3780","Global Documentary","R","5:30 PM","8:10 PM","Downtown","3","","","","","","","","","","",""
"College of Liberal Arts","5225","MUS1000","Intro Western Classical Music","T, R","12:15 PM","1:30 PM","Downtown","3","","","","","","","","","","",""
"College of Liberal Arts","7425","MUS1400","Music Fundamentals I","T, R","12:15 PM","1:30 PM","Downtown","3","","","","","","","","","","",""
"College of Liberal Arts","2851","MUS1600","Beginning Hula Performance","W","12:15 PM","1:45 PM","Downtown","1","","","","","","","","","","",""
"College of Liberal Arts","7426","MUS4000","Topics In Music","TBD","","","Downtown","3","","","","","","","","","","",""
"College of Professional Studies","3634","PADM1000","Intro. to Leadership","T, R","12:15 PM","1:30 PM","Downtown","3","","","","","","","","","","",""
"College of Professional Studies","5189","PADM1000","Intro. to Leadership","T, R","2:00 PM","3:15 PM","Downtown","3","","","","","","","","","","",""
"School of Nursing","2305","PH1000","Intro to Personal Health","T","10:30 AM","1:30 PM","Downtown","3","","","","","","","","","","",""
"School of Nursing","7950","PH1200","Intro to Public Health","F","7:00 AM","10:00 AM","Downtown","3","","","","","","","","","","",""
"School of Nursing","4600","PH2010","Drugs and Society","W","10:30 AM","1:30 PM","Downtown","3","W","","","","","","","","","",""
"School of Nursing","2957","PH3015","Culture and Health","T","10:30 AM","1:30 PM","Downtown","3","W","","","","","","","","","",""
"School of Nursing","4599","PH3020","Epidemiology","T","5:30 PM","8:10 PM","Downtown","3","W","","","","","","","","","",""
"School of Nursing","4601","PH3025","Sexuality in Health & Society","T","2:00 PM","5:00 PM","Downtown","3","W","","","","","","","","","",""
"School of Nursing","4099","PH3065","Environmental Health","M","10:30 AM","1:30 PM","Downtown","3","W","","","","","","","","","",""
"School of Nursing","2702","PH4010","Health Policy Analysis","R","10:30 AM","1:30 PM","Downtown","3","W","","","","","","","","","",""
"School of Nursing","2415","PH4030","Pre-Practicum","W","2:00 PM","5:00 PM","Downtown","3","","","","","","","","","","",""
"School of Nursing","4100","PH4040","Public Health Rsrch Methods","M","2:00 PM","5:00 PM","Downtown","3","","","","","","","","","","",""
"College of Liberal Arts","2903","PHIL1001","Philosophies of Hawai'i & Pac.","W","10:30 AM","11:45 AM","Downtown","3","","","","","","","","","","",""
"College of Liberal Arts","3217","PHIL2500","Ethics in America","M, W","3:45 PM","5:00 PM","Downtown","3","","","","","","","","","","",""
"College of Liberal Arts","4365","PHIL3301","Yoga Philosophy","M, W","12:15 PM","1:30 PM","Downtown","3","W","","","","","","","","","",""
"College of Natural & Computational Sciences","1435","PHYS2030","College Physics I","T, R","2:00 PM","3:15 PM","Downtown","3","M","","","","","","","","","",""
"College of Natural & Computational Sciences","1436","PHYS2031","College Physics I Lab","F","9:00 AM","11:40 AM","Downtown","1","M","","","","","","","","","",""
"College of Natural & Computational Sciences","2697","PHYS2031","College Physics I Lab","F","12:00 PM","2:40 PM","Downtown","1","M","","","","","","","","","",""
"College of Natural & Computational Sciences","1035","PHYS2050","General Physics I","T, R","10:30 AM","11:45 AM","Downtown","3","M","","","","","","","","","",""
"College of Natural & Computational Sciences","1036","PHYS2051","General Physics I Lab","W","1:45 PM","4:25 PM","Downtown","1","M","","","","","","","","","",""
"College of Liberal Arts","1193","PSCI1400","American Politics","M, W","8:45 AM","10:00 AM","Downtown","3","","","","","","","","","","",""
"College of Liberal Arts","5168","PSCI1400","American Politics","M, W","2:00 PM","3:15 PM","Downtown","3","","","","","","","","","","",""
"College of Liberal Arts","3685","PSCI2100","Fund. of Soc. Science Research","M, W","12:15 PM","1:30 PM","Downtown","3","W","","","","","","","","","",""
"College of Liberal Arts","7842","PSCI3401","Issues in American Politics","M, W","10:30 AM","11:45 AM","Downtown","3","","","","","","","","","","",""
"College of Liberal Arts","1679","PSCI3412","American Foreign Policy","T, R","12:15 PM","1:30 PM","Downtown","3","W","","","","","","","","","",""
"College of Liberal Arts","2001","PSCI3500","Comparative Politics","T, R","10:30 AM","11:45 AM","Downtown","3","W","","","","","","","","","",""
"College of Liberal Arts","1443","PSY2100","Statistics in Psychology","M, W","2:00 PM","4:45 PM","Downtown","4","M","","","","","","","","","",""
"College of Liberal Arts","1430","PSY2200","Research Methods in Psychology","M, W","9:00 AM","11:45 AM","Downtown","4","W","","","","","","","","","",""
"College of Liberal Arts","1942","PSY3140","Psychology of Substance Abuse","M, W","12:15 PM","1:30 PM","Downtown","3","","","","","","","","","","",""
"College of Liberal Arts","6913","PSY3160","Psychology of Music","F","9:30 AM","11:30 AM","Downtown","3","","","","","","","","","","",""
"College of Liberal Arts","1432","PSY3200","Biopsychology","T, R","3:45 PM","5:00 PM","Downtown","3","","","","","","","","","","",""
"College of Liberal Arts","1039","PSY3235","Cross-Cultural Psychology","T, R","2:00 PM","3:15 PM","Downtown","3","W","","","","","","","","","",""
"College of Liberal Arts","2060","PSY3310","Forensic Psychology","M, W","10:30 AM","11:45 AM","Downtown","3","","","","","","","","","","",""
"College of Liberal Arts","4319","PSY3350","Clinical Psychology","M, W","3:45 PM","5:00 PM","Downtown","3","M","","","","","","","","","",""
"College of Liberal Arts","1365","PSY3400","Life Span Development Psych","T, R","10:30 AM","11:45 AM","Downtown","3","","","","","","","","","","",""
"College of Liberal Arts","1297","PSY3500","Test and Measurements in Psych","F","12:00 PM","2:40 PM","Downtown","3","M","","","","","","","","","",""
"College of Liberal Arts","1220","PSY3600","Abnormal Psychology","T, R","12:15 PM","1:30 PM","Downtown","3","","","","","","","","","","",""
"College of Liberal Arts","1413","REL1000","Intro to World Religions","T, R","12:15 PM","1:30 PM","Downtown","3","","","","","","","","","","",""
"College of Liberal Arts","2970","SOC1000","Introduction to Sociology","M","5:30 PM","8:10 PM","Downtown","3","","","","","","","","","","",""
"College of Liberal Arts","1052","SPAN1100","Beginning Spanish I","M, W","3:45 PM","5:00 PM","Downtown","3","","","","","","","","","","",""
"College of Liberal Arts","5451","SPAN1200","Beginning Spanish II","T, R","2:00 PM","3:15 PM","Downtown","3","","","","","","","","","","",""
"College of Liberal Arts","7422","SPAN2100","Intermediate Spanish I","M, W","12:15 PM","1:30 PM","Downtown","3","","","","","","","","","","",""
"College of Liberal Arts","5887","SWRK1010","Social Sustain Social Work","M","2:00 PM","4:40 PM","Downtown","3","","","","","","","","","","",""
"College of Liberal Arts","4874","SWRK1010","Social Sustain Social Work","W","5:30 PM","8:10 PM","Downtown","3","","","","","","","","","","",""
"College of Liberal Arts","1055","SWRK3000","Generalist SWRK Practice","T","5:30 PM","8:10 PM","Downtown","3","","","","","","","","","","",""
"College of Liberal Arts","1209","SWRK3003","Hum Behav in the Soc Environ I","R","5:30 PM","8:10 PM","Downtown","3","W","","","","","","","","","",""
"College of Liberal Arts","1670","SWRK3300","Writing & Research in Soc Work","R","5:30 PM","8:10 PM","Downtown","3","M & W","","","","","","","","","",""
"College of Liberal Arts","7888","SWRK3700","Special Topics: Social World","M","5:30 PM","8:10 PM","Downtown","3","","","","","","","","","","",""
"College of Liberal Arts","1060","SWRK4000","SWRK Prac w/ Families & Grp","T","5:30 PM","8:10 PM","Downtown","3","","","","","","","","","","",""
"College of Liberal Arts","2131","SWRK4010","SWRK Prac w/ Org & Communities","Sa","9:00 AM","11:40 AM","Downtown","3","","","","","","","","","","",""
"College of Liberal Arts","1750","THEA2320","Acting I: Basic for Stg & Scr","M, W","2:00 PM","3:15 PM","Downtown","3","","","","","","","","","","",""
"College of Liberal Arts","1954","THEA2320","Acting I: Basic for Stg & Scr","M, W","3:45 PM","5:00 PM","Downtown","3","","","","","","","","","","",""
"College of Liberal Arts","7418","THEA3520","Acting II: Advanced Acting","T","2:00 PM","4:40 PM","Downtown","3","","","","","","","","","","",""
"College of Liberal Arts","7419","THEA3620","Directing","T","2:00 PM","4:40 PM","Downtown","3","","","","","","","","","","",""
"College of Liberal Arts","6923","WRI1051","Intro to Academic Writing Lab","M","8:45 AM","10:00 AM","Downtown","1","","","","","","","","","","",""
"College of Liberal Arts","3942","WRI1100","Writing & Analyzing Arguments","M, W","5:30 PM","6:45 PM","Downtown","3","","","","","","","","","","",""
"College of Liberal Arts","7947","WRI1101","Writing & Analyzing Argumt Lab","W","8:45 AM","10:00 AM","Downtown","1","","","","","","","","","","",""
"College of Liberal Arts","1051","WRI1200","Rsch, Argmt, and Writing","M, W","8:45 AM","10:00 AM","Downtown","3","W","","","","","","","","","",""
"College of Liberal Arts","1050","WRI1200","Rsch, Argmt, and Writing","T, R","8:45 AM","10:00 AM","Downtown","3","W","","","","","","","","","",""
"College of Liberal Arts","5628","WRI1200","Rsch, Argmt, and Writing","T, R","2:00 PM","3:15 PM","Downtown","3","W","","","","","","","","","",""
"College of Liberal Arts","6936","WRI1201","Research, Argument&Writing Lab","M","8:45 AM","10:00 AM","Downtown","1","","","","","","","","","","",""
"College of Liberal Arts","7795","WRI3330","Fiction Writing Workshop","T, R","12:15 PM","1:30 PM","Downtown","3","","","","","","","","","","",""
"College of Liberal Arts","4346","WRI3391","Literary Magazine","T, R","10:30 AM","11:45 AM","Downtown","3","","","","","","","","","","",""